{
  "monitorid" : 363,
  "testInfo" : {
    "fromScore" : 0,
    "fromTime" : 0,
    "answerquetime" : 0,
    "scoremethod" : 0,
    "score" : 87,
    "id" : 161,
    "displaymode" : 2,
    "actAttId" : 0,
    "active" : true,
    "generatemode" : 1,
    "allowpause" : false,
    "commitmode" : 2,
    "remainingTime" : 0,
    "testDrawRuleList" : [

    ],
    "allowdisplayscore" : true,
    "questionNumber" : 0,
    "exactCol" : [

    ],
    "questionnaireId" : 0,
    "status" : "",
    "containChildCatalog" : 0,
    "description" : "静态综合测试（一）",
    "scorepolicy" : "M",
    "passingscore" : 60,
    "attemptmethod" : 0,
    "testCatalogIdLst" : "",
    "hastAttendance" : false,
    "formatPassingscore" : 53,
    "testCatalogName" : "",
    "testCatalogId" : 0,
    "endtime" : "",
    "assessind" : false,
    "name" : "静态综合测试（一）",
    "testType" : {
      "code" : "S",
      "id" : 4,
      "labeldescription" : "description",
      "labelname" : "test.type.S"
    },
    "categoryNumber" : 0,
    "formatScore" : "87",
    "toTime" : 0,
    "saveType" : "",
    "testCategoryList" : [

    ],
    "maxattempts" : 0,
    "assessmentId" : 0,
    "formatDate" : "2017-06-15 16:53",
    "surveyind" : false,
    "toScore" : 0,
    "visitType" : "",
    "testTypeCode" : "S",
    "attemptperiod" : 0,
    "allowreview" : false,
    "starttime" : "",
    "userName" : "能不能取个好名字",
    "answernextque" : 0,
    "displayanswer" : "F",
    "answerTime" : 90,
    "modifieddate" : 1497516809742,
    "creator" : 2,
    "time" : 90,
    "allowattemptfailed" : 0,
    "actTestAttId" : 0,
    "testTypeLabel" : "",
    "createdate" : 1497516809742,
    "difficultlevel" : 0,
    "modifiedby" : 2
  },
  "questionnaireId" : 0,
  "categoryQuestionList" : [
    
            {
      "questionTypeText" : "填空题",
      "displaytitle" : true,
      "totalScore" : "10",
      "questionTypeCode" : "F",
      "categoryId" : 105,
      "questionTypeTitle" : "填空题(0\/3)",
      "questionInputList" : [
        [
          "661_16",
          "661_17"
        ],
        [
          "662_12",
          "662_13"
        ],
        [
          "681_21",
          "681_22",
          "681_23"
        ]
      ],
      "answeredNumber" : 0,
      "finalScore" : "",
      "questionList" : [
        {
          "qtypecode" : "F",
          "score" : "2",
          "answer" : "",
          "fillBlankIdList" : [
            16,
            17
          ],
          "id" : 661,
          "text" : "本公司的全称为{|*|}，本公司的行业为{|*|}。",
          "fillBlankOptionList" : [
            "深圳市学友软件有限公司",
            "在线教育"
          ],
          "name" : "​本公司的全称"
        },
        {
          "qtypecode" : "F",
          "score" : "2",
          "answer" : "",
          "fillBlankIdList" : [
            12,
            13
          ],
          "id" : 662,
          "text" : "公司上班时间为上午{|*|}到{|*|}。",
          "fillBlankOptionList" : [
            "9",
            "12"
          ],
          "name" : "公司上班时间"
        },
        {
          "qtypecode" : "F",
          "score" : "6",
          "answer" : "",
          "fillBlankIdList" : [
            21,
            22,
            23
          ],
          "id" : 681,
          "text" : "公司全称：{|*|}，公司成立于年{|*|}，公司的性质是{|*|}。",
          "fillBlankOptionList" : [
            "深圳市学友软件有限公司",
            "2011",
            "有限责任公司"
          ],
          "name" : "公司全称：，公司成立于年，公司的性质是。"
        }
      ]
    }],
  "startTime" : 1498667506,
  "actatthisid" : 0,
  "actAttId" : 8583
}
